{
  "maps": {
    "de_dust2": {
      "team1": {
        "name": "Kabile 1",
        "score": 8,
        "players": [
          {
            "name": "Cago",
            "steam_id": "76561198287242573",
            "hltv_2": 1.3746180534362793,
            "adr": 111.0952377319336,
            "kd": 1.3300000429153442,
            "mvp": 4,
            "kills": 20,
            "deaths": 15,
            "assists": 6,
            "hs": 5,
            "hs_ratio": 25,
            "first_kill": 4,
            "first_death": 3,
            "bomb_planted": 0,
            "bomb_defused": 0,
            "hltv": 1.4989579916000366,
            "kast": 66.66667175292969,
            "utl_dmg": 0,
            "two_kills": 2,
            "three_kills": 1,
            "four_kills": 2,
            "five_kills": 0,
            "score": 46,
            "clutches": 1,
            "clutches_won": 0
          },
          {
            "name": "daE",
            "steam_id": "76561198040459377",
            "hltv_2": 1.1642229557037354,
            "adr": 90.38095092773438,
            "kd": 1.059999942779541,
            "mvp": 2,
            "kills": 17,
            "deaths": 16,
            "assists": 7,
            "hs": 10,
            "hs_ratio": 58,
            "first_kill": 2,
            "first_death": 2,
            "bomb_planted": 1,
            "bomb_defused": 0,
            "hltv": 1.0920569896697998,
            "kast": 66.66667175292969,
            "utl_dmg": 52,
            "two_kills": 2,
            "three_kills": 2,
            "four_kills": 0,
            "five_kills": 0,
            "score": 47,
            "clutches": 4,
            "clutches_won": 0
          },
          {
            "name": "darbe",
            "steam_id": "76561198031411056",
            "hltv_2": 1.0686399936676025,
            "adr": 64.47618865966797,
            "kd": 1,
            "mvp": 0,
            "kills": 14,
            "deaths": 14,
            "assists": 5,
            "hs": 1,
            "hs_ratio": 7,
            "first_kill": 0,
            "first_death": 0,
            "bomb_planted": 3,
            "bomb_defused": 0,
            "hltv": 0.9124810099601746,
            "kast": 76.19047546386719,
            "utl_dmg": 123,
            "two_kills": 3,
            "three_kills": 0,
            "four_kills": 0,
            "five_kills": 0,
            "score": 39,
            "clutches": 0,
            "clutches_won": 0
          },
          {
            "name": "wormik",
            "steam_id": "76561198051285785",
            "hltv_2": 0.8280119895935059,
            "adr": 56.52381134033203,
            "kd": 0.6899999976158142,
            "mvp": 1,
            "kills": 9,
            "deaths": 13,
            "assists": 5,
            "hs": 3,
            "hs_ratio": 33,
            "first_kill": 0,
            "first_death": 2,
            "bomb_planted": 0,
            "bomb_defused": 0,
            "hltv": 0.7248769998550415,
            "kast": 71.42857360839844,
            "utl_dmg": 0,
            "two_kills": 2,
            "three_kills": 0,
            "four_kills": 0,
            "five_kills": 0,
            "score": 24,
            "clutches": 1,
            "clutches_won": 0
          },
          {
            "name": "mersido",
            "steam_id": "76561199065748965",
            "hltv_2": 0.8098800182342529,
            "adr": 59.238094329833984,
            "kd": 0.800000011920929,
            "mvp": 1,
            "kills": 12,
            "deaths": 15,
            "assists": 6,
            "hs": 4,
            "hs_ratio": 33,
            "first_kill": 0,
            "first_death": 5,
            "bomb_planted": 0,
            "bomb_defused": 0,
            "hltv": 0.932075023651123,
            "kast": 57.142860412597656,
            "utl_dmg": 0,
            "two_kills": 2,
            "three_kills": 0,
            "four_kills": 1,
            "five_kills": 0,
            "score": 28,
            "clutches": 2,
            "clutches_won": 0
          },
          {
            "name": "bobinaj",
            "steam_id": "76561198047085527",
            "hltv_2": 0.6887660026550293,
            "adr": 61.52381134033203,
            "kd": 0.5600000023841858,
            "mvp": 0,
            "kills": 10,
            "deaths": 18,
            "assists": 5,
            "hs": 1,
            "hs_ratio": 10,
            "first_kill": 2,
            "first_death": 1,
            "bomb_planted": 0,
            "bomb_defused": 0,
            "hltv": 0.597557008266449,
            "kast": 61.904762268066406,
            "utl_dmg": 75,
            "two_kills": 3,
            "three_kills": 0,
            "four_kills": 0,
            "five_kills": 0,
            "score": 25,
            "clutches": 2,
            "clutches_won": 0
          }
        ]
      },
      "team2": {
        "name": "Shiftkadirogullari",
        "score": 13,
        "players": [
          {
            "name": "Nerull",
            "steam_id": "76561199508399712",
            "hltv_2": 1.8666839599609375,
            "adr": 119,
            "kd": 2,
            "mvp": 5,
            "kills": 26,
            "deaths": 13,
            "assists": 5,
            "hs": 14,
            "hs_ratio": 53,
            "first_kill": 6,
            "first_death": 2,
            "bomb_planted": 0,
            "bomb_defused": 0,
            "hltv": 1.7879389524459839,
            "kast": 90.47618865966797,
            "utl_dmg": 81,
            "two_kills": 4,
            "three_kills": 2,
            "four_kills": 1,
            "five_kills": 0,
            "score": 57,
            "clutches": 0,
            "clutches_won": 0
          },
          {
            "name": "Malawhur",
            "steam_id": "76561198001957069",
            "hltv_2": 1.324787974357605,
            "adr": 86.14286041259766,
            "kd": 1.3300000429153442,
            "mvp": 3,
            "kills": 20,
            "deaths": 15,
            "assists": 5,
            "hs": 7,
            "hs_ratio": 35,
            "first_kill": 0,
            "first_death": 1,
            "bomb_planted": 2,
            "bomb_defused": 0,
            "hltv": 1.250359058380127,
            "kast": 71.42857360839844,
            "utl_dmg": 0,
            "two_kills": 2,
            "three_kills": 2,
            "four_kills": 0,
            "five_kills": 0,
            "score": 51,
            "clutches": 2,
            "clutches_won": 0
          },
          {
            "name": "sedo",
            "steam_id": "76561198995435616",
            "hltv_2": 1.313019037246704,
            "adr": 109.19047546386719,
            "kd": 1.1399999856948853,
            "mvp": 3,
            "kills": 16,
            "deaths": 14,
            "assists": 9,
            "hs": 5,
            "hs_ratio": 31,
            "first_kill": 3,
            "first_death": 1,
            "bomb_planted": 3,
            "bomb_defused": 0,
            "hltv": 1.1577839851379395,
            "kast": 76.19047546386719,
            "utl_dmg": 283,
            "two_kills": 3,
            "three_kills": 2,
            "four_kills": 0,
            "five_kills": 0,
            "score": 49,
            "clutches": 1,
            "clutches_won": 1
          },
          {
            "name": "Uncle Iroh",
            "steam_id": "76561197996079017",
            "hltv_2": 1.0536329746246338,
            "adr": 60.238094329833984,
            "kd": 1.090000033378601,
            "mvp": 0,
            "kills": 12,
            "deaths": 11,
            "assists": 6,
            "hs": 3,
            "hs_ratio": 25,
            "first_kill": 0,
            "first_death": 1,
            "bomb_planted": 0,
            "bomb_defused": 0,
            "hltv": 0.9773679971694946,
            "kast": 76.19047546386719,
            "utl_dmg": 5,
            "two_kills": 1,
            "three_kills": 1,
            "four_kills": 0,
            "five_kills": 0,