{
  "maps": {
    "de_anubis": {
      "team1": {
        "name": "HilinajTurtimik",
        "score": 11,
        "players": [
          {
            "name": "Nerull",
            "steam_id": "76561199508399712",
            "hltv_2": 1.5188629627227783,
            "adr": 103.20833587646484,
            "kd": 1.5299999713897705,
            "mvp": 5,
            "kills": 26,
            "deaths": 17,
            "assists": 5,
            "hs": 13,
            "hs_ratio": 50,
            "first_kill": 1,
            "first_death": 6,
            "bomb_planted": 2,
            "bomb_defused": 1,
            "hltv": 1.6028779745101929,
            "kast": 75,
            "utl_dmg": 60,
            "two_kills": 1,
            "three_kills": 4,
            "four_kills": 1,
            "five_kills": 0,
            "score": 68,
            "clutches": 2,
            "clutches_won": 1
          },
          {
            "name": "ekl1ps",
            "steam_id": "76561198004605665",
            "hltv_2": 1.4163939952850342,
            "adr": 93.66666412353516,
            "kd": 1.5299999713897705,
            "mvp": 3,
            "kills": 23,
            "deaths": 15,
            "assists": 3,
            "hs": 11,
            "hs_ratio": 47,
            "first_kill": 3,
            "first_death": 3,
            "bomb_planted": 2,
            "bomb_defused": 1,
            "hltv": 1.3732409477233887,
            "kast": 75,
            "utl_dmg": 100,
            "two_kills": 2,
            "three_kills": 3,
            "four_kills": 0,
            "five_kills": 0,
            "score": 61,
            "clutches": 3,
            "clutches_won": 1
          },
          {
            "name": "bobinaj",
            "steam_id": "76561198047085527",
            "hltv_2": 0.777442991733551,
            "adr": 60.66666793823242,
            "kd": 0.6299999952316284,
            "mvp": 2,
            "kills": 12,
            "deaths": 19,
            "assists": 6,
            "hs": 1,
            "hs_ratio": 8,
            "first_kill": 0,
            "first_death": 5,
            "bomb_planted": 3,
            "bomb_defused": 0,
            "hltv": 0.7331500053405762,
            "kast": 66.66667175292969,
            "utl_dmg": 104,
            "two_kills": 0,
            "three_kills": 2,
            "four_kills": 0,
            "five_kills": 0,
            "score": 37,
            "clutches": 1,
            "clutches_won": 0
          },
          {
            "name": "sedo",
            "steam_id": "76561198995435616",
            "hltv_2": 0.6352609992027283,
            "adr": 71.20833587646484,
            "kd": 0.5199999809265137,
            "mvp": 1,
            "kills": 12,
            "deaths": 23,
            "assists": 7,
            "hs": 5,
            "hs_ratio": 41,
            "first_kill": 1,
            "first_death": 2,
            "bomb_planted": 1,
            "bomb_defused": 0,
            "hltv": 0.4759950041770935,
            "kast": 54.16666793823242,
            "utl_dmg": 6,
            "two_kills": 1,
            "three_kills": 0,
            "four_kills": 0,
            "five_kills": 0,
            "score": 36,
            "clutches": 4,
            "clutches_won": 0
          },
          {
            "name": "eskisigibi",
            "steam_id": "76561197997780623",
            "hltv_2": 0.40362900495529175,
            "adr": 32.5,
            "kd": 0.3499999940395355,
            "mvp": 0,
            "kills": 6,
            "deaths": 17,
            "assists": 1,
            "hs": 1,
            "hs_ratio": 16,
            "first_kill": 1,
            "first_death": 2,
            "bomb_planted": 1,
            "bomb_defused": 0,
            "hltv": 0.4957529902458191,
            "kast": 54.16666793823242,
            "utl_dmg": 0,
            "two_kills": 2,
            "three_kills": 0,
            "four_kills": 0,
            "five_kills": 0,
            "score": 18,
            "clutches": 5,
            "clutches_won": 0
          }
        ]
      },
      "team2": {
        "name": "Kabile 1",
        "score": 13,
        "players": [
          {
            "name": "Cago",
            "steam_id": "76561198287242573",
            "hltv_2": 1.8473360538482666,
            "adr": 118.41666412353516,
            "kd": 2.2300000190734863,
            "mvp": 5,
            "kills": 29,
            "deaths": 13,
            "assists": 3,
            "hs": 5,
            "hs_ratio": 17,
            "first_kill": 9,
            "first_death": 1,
            "bomb_planted": 1,
            "bomb_defused": 0,
            "hltv": 1.8436239957809448,
            "kast": 87.5,
            "utl_dmg": 1,
            "two_kills": 7,
            "three_kills": 2,
            "four_kills": 1,
            "five_kills": 0,
            "score": 67,
            "clutches": 4,
            "clutches_won": 0
          },
          {
            "name": "daE",
            "steam_id": "76561198040459377",
            "hltv_2": 1.6496269702911377,
            "adr": 107.29166412353516,
            "kd": 1.7899999618530273,
            "mvp": 3,
            "kills": 25,
            "deaths": 14,
            "assists": 4,
            "hs": 9,
            "hs_ratio": 36,
            "first_kill": 6,
            "first_death": 1,
            "bomb_planted": 1,
            "bomb_defused": 0,
            "hltv": 1.4527729749679565,
            "kast": 87.5,
            "utl_dmg": 25,
            "two_kills": 4,
            "three_kills": 2,
            "four_kills": 0,
            "five_kills": 0,
            "score": 58,
            "clutches": 3,
            "clutches_won": 0
          },
          {
            "name": "darbe",
            "steam_id": "76561198031411056",
            "hltv_2": 1.4527720212936401,
            "adr": 98.125,
            "kd": 1.5,
            "mvp": 3,
            "kills": 24,
            "deaths": 16,
            "assists": 5,
            "hs": 7,
            "hs_ratio": 29,
            "first_kill": 0,
            "first_death": 1,
            "bomb_planted": 4,
            "bomb_defused": 1,
            "hltv": 1.3739759922027588,
            "kast": 75,
            "utl_dmg": 0,
            "two_kills": 5,
            "three_kills": 2,
            "four_kills": 0,
            "five_kills": 0,
            "score": 66,
            "clutches": 4,
            "clutches_won": 1
          },
          {
            "name": "mersido",
            "steam_id": "76561199065748965",
            "hltv_2": 0.731033980846405,
            "adr": 42.66666793823242,
            "kd": 0.6000000238418579,
            "mvp": 1,
            "kills": 9,
            "deaths": 15,
            "assists": 6,
            "hs": 3,
            "hs_ratio": 33,
            "first_kill": 0,
            "first_death": 2,
            "bomb_planted": 0,
            "bomb_defused": 1,
            "hltv": 0.6441749930381775,
            "kast": 70.83332824707031,
            "utl_dmg": 34,
            "two_kills": 1,
            "three_kills": 0,
            "four_kills": 0,
            "five_kills": 0,
            "score": 29,
            "clutches": 2,
            "clutches_won": 1
          },
          {
            "name": "Mustasem",
            "steam_id": "76561198100720196",
            "hltv_2": 0.4249739944934845,
            "adr": 42.33333206176758,
            "kd": 0.1899999976158142,
            "mvp": 1,
            "kills": 4,
            "deaths": 21,
            "assists": 8,
            "hs": 1,
            "hs_ratio": 25,
            "first_kill": 3,
            "first_death": 1,
            "bomb_planted": 3,
            "bomb_defused": 0,
            "hltv": 0.2414810061454773,
            "kast": 70.83332824707031,
            "utl_dmg": 150,
            "two_kills": 0,
            "three_kills": 0,
            "four_kills": 0,
            "five_kills": 0,
            "score": 24,
            "clutches": 0,