{
  "2025-07-22": {
    "maps": {
      "de_cbble_d": {
        "team1": {
          "name": "HilinajTurtimik",
          "score": 17,
          "players": [
            {
              "name": "daE",
              "steam_id": "76561198040459377",
              "hltv_2": 2.2506399154663086,
              "adr": 161.80555725097656,
              "kd": 2.5,
              "mvp": 4,
              "kills": 55,
              "deaths": 22,
              "assists": 10,
              "hs": 18,
              "hs_ratio": 32,
              "first_kill": 8,
              "first_death": 1,
              "bomb_planted": 0,
              "bomb_defused": 1,
              "hltv": 2.335697889328003,
              "kast": 88.8888931274414,
              "utl_dmg": 146,
              "two_kills": 11,
              "three_kills": 1,
              "four_kills": 2,
              "five_kills": 2,
              "score": 126,
              "clutches": 6,
              "clutches_won": 1
            },
            {
              "name": "Malawhur",
              "steam_id": "76561198001957069",
              "hltv_2": 1.1906729936599731,
              "adr": 86.52777862548828,
              "kd": 1.0299999713897705,
              "mvp": 3,
              "kills": 30,
              "deaths": 29,
              "assists": 5,
              "hs": 11,
              "hs_ratio": 36,
              "first_kill": 3,
              "first_death": 4,
              "bomb_planted": 0,
              "bomb_defused": 0,
              "hltv": 1.0486279726028442,
              "kast": 75,
              "utl_dmg": 8,
              "two_kills": 6,
              "three_kills": 2,
              "four_kills": 0,
              "five_kills": 0,
              "score": 65,
              "clutches": 2,
              "clutches_won": 0
            }
          ]
        },
        "team2": {
          "name": "Shiftkadirogullari",
          "score": 19,
          "players": [
            {
              "name": "Cago",
              "steam_id": "76561198287242573",
              "hltv_2": 1.8114240169525146,
              "adr": 121.22222137451172,
              "kd": 1.840000033378601,
              "mvp": 5,
              "kills": 46,
              "deaths": 25,
              "assists": 7,
              "hs": 7,
              "hs_ratio": 15,
              "first_kill": 12,
              "first_death": 1,
              "bomb_planted": 2,
              "bomb_defused": 0,
              "hltv": 1.7202990055084229,
              "kast": 83.33332824707031,
              "utl_dmg": 107,
              "two_kills": 7,
              "three_kills": 4,
              "four_kills": 1,
              "five_kills": 0,
              "score": 104,
              "clutches": 5,
              "clutches_won": 1
            },
            {
              "name": "candeha",
              "steam_id": "76561198259282662",
              "hltv_2": 1.1717339754104614,
              "adr": 86.66666412353516,
              "kd": 0.9599999785423279,
              "mvp": 2,
              "kills": 24,
              "deaths": 25,
              "assists": 14,
              "hs": 6,
              "hs_ratio": 25,
              "first_kill": 1,
              "first_death": 4,
              "bomb_planted": 0,
              "bomb_defused": 1,
              "hltv": 0.9358000159263611,
              "kast": 80.55555725097656,
              "utl_dmg": 361,
              "two_kills": 5,
              "three_kills": 1,
              "four_kills": 0,
              "five_kills": 0,
              "score": 65,
              "clutches": 2,
              "clutches_won": 1
            }
          ]
        }
      },
      "de_overpass": {
        "team1": {
          "name": "HilinajTurtimik",
          "score": 9,
          "players": [
            {
              "name": "daE",
              "steam_id": "76561198040459377",
              "hltv_2": 1.5694559812545776,
              "adr": 112.04545593261719,
              "kd": 1.350000023841858,
              "mvp": 3,
              "kills": 23,
              "deaths": 17,
              "assists": 6,
              "hs": 6,
              "hs_ratio": 26,
              "first_kill": 1,
              "first_death": 5,
              "bomb_planted": 0,
              "bomb_defused": 0,
              "hltv": 1.3493800163269043,
              "kast": 86.36363983154297,
              "utl_dmg": 123,
              "two_kills": 5,
              "three_kills": 2,
              "four_kills": 0,
              "five_kills": 0,
              "score": 52,
              "clutches": 3,
              "clutches_won": 0
            }
          ]
        },
        "team2": {
          "name": "Shiftkadirogullari",
          "score": 13,
          "players": [
            {
              "name": "Cago",
              "steam_id": "76561198287242573",
              "hltv_2": 2.3867249488830566,
              "adr": 161.9545440673828,
              "kd": 3.0799999237060547,
              "mvp": 7,
              "kills": 37,
              "deaths": 12,
              "assists": 3,
              "hs": 9,
              "hs_ratio": 24,
              "first_kill": 8,
              "first_death": 0,
              "bomb_planted": 0,
              "bomb_defused": 1,
              "hltv": 2.6733651161193848,
              "kast": 86.36363983154297,
              "utl_dmg": 30,
              "two_kills": 4,
              "three_kills": 2,
              "four_kills": 4,
              "five_kills": 0,
              "score": 81,
              "clutches": 1,
              "clutches_won": 0
            }
          ]
        }
      }
    }
  },
  "2025-07-21": {
     "maps": {
        "de_inferno": {
            "team1": {
                "name": "TeamAlpha",
                "score": 16,
                "players": [
                    {
                        "name": "PlayerA",
                        "steam_id": "1",
                        "hltv_2": 1.5, "adr": 100, "kd": 2.0, "mvp": 3, "kills": 20, "deaths": 10, "assists": 5, "hs": 10, "hs_ratio": 50, "first_kill": 5, "first_death": 2, "bomb_planted": 1, "bomb_defused": 0, "hltv": 1.4, "kast": 80, "utl_dmg": 50, "two_kills": 5, "three_kills": 2, "four_kills": 1, "five_kills": 0, "score": 60, "clutches": 2, "clutches_won": 1
                    }
                ]
            },
            "team2": {
                "name": "TeamBravo",
                "score": 10,
                "players": [
                    {
                        "name": "PlayerB",
                        "steam_id": "2",
                        "hltv_2": 1.2, "adr": 80, "kd": 1.0, "mvp": 1, "kills": 15, "deaths": 15, "assists": 3, "hs": 5, "hs_ratio": 33, "first_kill": 3, "first_death": 3, "bomb_planted": 0, "bomb_defused": 1, "hltv": 1.1, "kast": 70, "utl_dmg": 30, "two_kills": 3, "three_kills": 1, "four_kills": 0, "five_kills": 0, "score": 45, "clutches": 1, "clutches_won": 0
                    }
                ]
            }
        }
    }
  }
} 