{
  "maps": {
    "de_cbble_d": {
      "team1": {
        "name": "HilinajTurtimik",
        "score": 11,
        "players": [
          {
            "name": "daE",
            "steam_id": "76561198040459377",
            "hltv_2": 1.59210205078125,
            "adr": 109.70833587646484,
            "kd": 1.4199999570846558,
            "mvp": 2,
            "kills": 27,
            "deaths": 19,
            "assists": 5,
            "hs": 7,
            "hs_ratio": 25,
            "first_kill": 1,
            "first_death": 1,
            "bomb_planted": 4,
            "bomb_defused": 0,
            "hltv": 1.4486889839172363,
            "kast": 83.33332824707031,
            "utl_dmg": 45,
            "two_kills": 2,
            "three_kills": 2,
            "four_kills": 1,
            "five_kills": 0,
            "score": 67,
            "clutches": 6,
            "clutches_won": 0
          },
          {
            "name": "bobinaj",
            "steam_id": "76561198047085527",
            "hltv_2": 1.2379499673843384,
            "adr": 99,
            "kd": 1,
            "mvp": 4,
            "kills": 18,
            "deaths": 18,
            "assists": 8,
            "hs": 13,
            "hs_ratio": 72,
            "first_kill": 2,
            "first_death": 4,
            "bomb_planted": 2,
            "bomb_defused": 0,
            "hltv": 0.9519320130348206,
            "kast": 79.16667175292969,
            "utl_dmg": 105,
            "two_kills": 5,
            "three_kills": 0,
            "four_kills": 0,
            "five_kills": 0,
            "score": 47,
            "clutches": 3,
            "clutches_won": 0
          },
          {
            "name": "Malawhur",
            "steam_id": "76561198001957069",
            "hltv_2": 1.1451749801635742,
            "adr": 84.25,
            "kd": 1.059999942779541,
            "mvp": 1,
            "kills": 19,
            "deaths": 18,
            "assists": 3,
            "hs": 5,
            "hs_ratio": 26,
            "first_kill": 1,
            "first_death": 2,
            "bomb_planted": 2,
            "bomb_defused": 0,
            "hltv": 1.0350830554962158,
            "kast": 70.83332824707031,
            "utl_dmg": 175,
            "two_kills": 4,
            "three_kills": 1,
            "four_kills": 0,
            "five_kills": 0,
            "score": 47,
            "clutches": 2,
            "clutches_won": 0
          },
          {
            "name": "regarnur",
            "steam_id": "76561198155880054",
            "hltv_2": 1.0811289548873901,
            "adr": 91.54166412353516,
            "kd": 0.8500000238418579,
            "mvp": 3,
            "kills": 17,
            "deaths": 20,
            "assists": 10,
            "hs": 4,
            "hs_ratio": 23,
            "first_kill": 2,
            "first_death": 3,
            "bomb_planted": 1,
            "bomb_defused": 0,
            "hltv": 0.8731340169906616,
            "kast": 70.83332824707031,
            "utl_dmg": 172,
            "two_kills": 3,
            "three_kills": 1,
            "four_kills": 0,
            "five_kills": 0,
            "score": 45,
            "clutches": 0,
            "clutches_won": 0
          },
          {
            "name": "bekenbaver",
            "steam_id": "76561199040476123",
            "hltv_2": 0.47280699014663696,
            "adr": 38.125,
            "kd": 0.5,
            "mvp": 0,
            "kills": 10,
            "deaths": 20,
            "assists": 2,
            "hs": 3,
            "hs_ratio": 30,
            "first_kill": 0,
            "first_death": 4,
            "bomb_planted": 0,
            "bomb_defused": 0,
            "hltv": 0.6052790284156799,
            "kast": 50,
            "utl_dmg": 105,
            "two_kills": 2,
            "three_kills": 1,
            "four_kills": 0,
            "five_kills": 0,
            "score": 21,
            "clutches": 1,
            "clutches_won": 0
          },
          {
            "name": "mersido",
            "steam_id": "76561199065748965",
            "hltv_2": 0.45332100987434387,
            "adr": 48.875,
            "kd": 0.4399999976158142,
            "mvp": 1,
            "kills": 8,
            "deaths": 18,
            "assists": 3,
            "hs": 1,
            "hs_ratio": 12,
            "first_kill": 1,
            "first_death": 3,
            "bomb_planted": 1,
            "bomb_defused": 0,
            "hltv": 0.6038079857826233,
            "kast": 45.833335876464844,
            "utl_dmg": 94,
            "two_kills": 2,
            "three_kills": 1,
            "four_kills": 0,
            "five_kills": 0,
            "score": 21,
            "clutches": 3,
            "clutches_won": 1
          }
        ]
      },
      "team2": {
        "name": "Shiftkadirogullari",
        "score": 13,
        "players": [
          {
            "name": "Nerull",
            "steam_id": "76561199508399712",
            "hltv_2": 1.7676990032196045,
            "adr": 123.45833587646484,
            "kd": 1.690000057220459,
            "mvp": 4,
            "kills": 27,
            "deaths": 16,
            "assists": 6,
            "hs": 17,
            "hs_ratio": 62,
            "first_kill": 3,
            "first_death": 0,
            "bomb_planted": 0,
            "bomb_defused": 1,
            "hltv": 1.4542440176010132,
            "kast": 91.66667175292969,
            "utl_dmg": 1,
            "two_kills": 7,
            "three_kills": 1,
            "four_kills": 0,
            "five_kills": 0,
            "score": 63,
            "clutches": 2,
            "clutches_won": 1
          },
          {
            "name": "Cago",
            "steam_id": "76561198287242573",
            "hltv_2": 1.5910099744796753,
            "adr": 114.5,
            "kd": 1.590000033378601,
            "mvp": 3,
            "kills": 27,
            "deaths": 17,
            "assists": 5,
            "hs": 14,
            "hs_ratio": 51,
            "first_kill": 5,
            "first_death": 2,
            "bomb_planted": 0,
            "bomb_defused": 1,
            "hltv": 1.589352011680603,
            "kast": 75,
            "utl_dmg": 99,
            "two_kills": 2,
            "three_kills": 5,
            "four_kills": 0,
            "five_kills": 0,
            "score": 61,
            "clutches": 4,
            "clutches_won": 1
          },
          {
            "name": "sedo",
            "steam_id": "76561198995435616",
            "hltv_2": 1.2232639789581299,
            "adr": 103.04166412353516,
            "kd": 1,
            "mvp": 2,
            "kills": 16,
            "deaths": 16,
            "assists": 8,
            "hs": 7,
            "hs_ratio": 43,
            "first_kill": 5,
            "first_death": 3,
            "bomb_planted": 4,
            "bomb_defused": 1,
            "hltv": 0.902122974395752,
            "kast": 79.16667175292969,
            "utl_dmg": 57,
            "two_kills": 3,
            "three_kills": 0,
            "four_kills": 0,
            "five_kills": 0,
            "score": 51,
            "clutches": 2,
            "clutches_won": 0
          },
          {
            "name": "Cavid-20",
            "steam_id": "76561198416652468",
            "hltv_2": 1.1263259649276733,
            "adr": 75.70833587646484,
            "kd": 1.2000000476837158,
            "mvp": 2,
            "kills": 18,
            "deaths": 15,
            "assists": 5,
            "hs": 3,
            "hs_ratio": 16,
            "first_kill": 2,
            "first_death": 1,
            "bomb_planted": 1,
            "bomb_defused": 0,
            "hltv": 1.0783330202102661,
            "kast": 66.66667175292969,
            "utl_dmg": 148,
            "two_kills": 3,
            "three_kills": 1,
            "four_kills": 0,
            "five_kills": 0,
            "score": 41,
            "clutches": 1,